Z,Do,Linia,Numer,Odlot,Przylot,Od,Do,Dni,Samolot,Operator,Typ
KRK,FRA,LH,1365,11:15,12:55,01-04-2024,22-04-2024,1......,32A,LH,J
KRK,FRA,LH,1365,11:15,12:55,02-04-2024,11-04-2024,.2345.7,32A,LH,J
KRK,FRA,LH,1365,11:15,12:55,06-04-2024,06-04-2024,.....6.,CR9,CL,J
KRK,FRA,LH,1365,11:15,12:55,12-04-2024,12-04-2024,....5..,319,LH,J
KRK,FRA,LH,1365,11:15,12:55,13-04-2024,27-04-2024,.....6.,319,LH,J
KRK,FRA,LH,1365,11:15,12:55,14-04-2024,19-04-2024,.2345.7,32A,LH,J
KRK,FRA,LH,1365,11:15,12:55,21-04-2024,26-04-2024,....5.7,319,LH,J
KRK,FRA,LH,1365,11:15,12:55,23-04-2024,24-04-2024,.23....,32A,LH,J
KRK,FRA,LH,1365,11:15,12:55,25-04-2024,25-04-2024,...4...,32A,LH,J
KRK,FRA,LH,1365,11:15,12:55,28-04-2024,08-05-2024,1.34..7,32A,LH,J
KRK,FRA,LH,1365,11:15,12:55,03-05-2024,03-05-2024,....5..,320,LH,J
KRK,FRA,LH,1365,11:15,12:55,04-05-2024,08-06-2024,.....6.,32A,LH,J
KRK,FRA,LH,1365,11:15,12:55,09-05-2024,09-05-2024,...4...,32Q,LH,J
KRK,FRA,LH,1365,11:15,12:55,10-05-2024,20-05-2024,1.345.7,32A,LH,J
KRK,FRA,LH,1365,11:15,12:55,21-05-2024,11-06-2024,12.45.7,32A,LH,J
KRK,FRA,LH,1365,11:15,12:55,12-06-2024,10-07-2024,123.567,32A,LH,J
KRK,FRA,LH,1365,11:15,12:55,11-07-2024,12-08-2024,1234..7,32A,LH,J
KRK,FRA,LH,1365,11:15,12:55,13-07-2024,03-08-2024,.....6.,32A,LH,J
KRK,FRA,LH,1365,11:15,12:55,09-08-2024,13-08-2024,.2..5..,320,LH,J
KRK,FRA,LH,1365,11:15,12:55,14-08-2024,29-08-2024,1234..7,32A,LH,J
KRK,FRA,LH,1365,11:15,12:55,16-08-2024,16-08-2024,....5..,321,LH,J
KRK,FRA,LH,1365,11:15,12:55,23-08-2024,23-08-2024,....5..,32A,LH,J
KRK,FRA,LH,1365,11:15,12:55,30-08-2024,30-08-2024,....5..,32Q,LH,J
KRK,FRA,LH,1365,11:15,12:55,02-09-2024,06-09-2024,12345..,32A,LH,J
KRK,FRA,LH,1365,11:15,12:55,07-09-2024,07-09-2024,.....6.,32A,LH,J
KRK,FRA,LH,1365,11:15,12:55,09-09-2024,09-09-2024,1......,321,LH,J
KRK,FRA,LH,1365,11:15,12:55,10-09-2024,20-09-2024,12345..,32A,LH,J
KRK,FRA,LH,1365,11:15,12:55,14-09-2024,14-09-2024,.....6.,321,LH,J
KRK,FRA,LH,1365,11:15,12:55,21-09-2024,26-10-2024,.....6.,32A,LH,J
KRK,FRA,LH,1365,11:15,12:55,23-09-2024,23-09-2024,1......,321,LH,J
KRK,FRA,LH,1365,11:15,12:55,24-09-2024,01-10-2024,.2345.7,32A,LH,J
KRK,FRA,LH,1365,11:15,12:55,02-10-2024,02-10-2024,..3....,32Q,LH,J
KRK,FRA,LH,1365,11:15,12:55,03-10-2024,10-10-2024,.2345.7,32A,LH,J
KRK,FRA,LH,1365,11:15,12:55,11-10-2024,11-10-2024,....5..,320,LH,J
KRK,FRA,LH,1365,11:15,12:55,13-10-2024,25-10-2024,.2345.7,32A,LH,J
KRK,FRA,LH,1365,10:30,12:10,27-10-2024,26-11-2024,.2....7,320,LH,J
KRK,FRA,LH,1365,10:30,12:10,28-10-2024,27-11-2024,1.345..,32A,LH,J
KRK,FRA,LH,1365,10:30,12:10,02-11-2024,23-11-2024,.....6.,32A,LH,J
KRK,FRA,LH,1367,14:05,15:45,01-04-2024,10-04-2024,123....,32A,LH,J
KRK,FRA,LH,1367,14:05,15:45,04-04-2024,04-04-2024,...4...,32A,LH,J
KRK,FRA,LH,1367,14:05,15:45,05-04-2024,12-04-2024,....5..,319,LH,J
KRK,FRA,LH,1367,14:05,15:45,07-04-2024,07-04-2024,......7,319,LH,J
KRK,FRA,LH,1367,14:05,15:45,11-04-2024,18-04-2024,.2.4...,32A,LH,J
KRK,FRA,LH,1367,14:05,15:45,14-04-2024,28-04-2024,......7,32A,LH,J
KRK,FRA,LH,1367,14:05,15:45,15-04-2024,15-04-2024,1......,319,LH,J
KRK,FRA,LH,1367,14:05,15:45,17-04-2024,17-04-2024,..3....,32N,LH,J
KRK,FRA,LH,1367,14:05,15:45,19-04-2024,26-04-2024,1.3.5..,32A,LH,J
KRK,FRA,LH,1367,14:05,15:45,23-04-2024,25-04-2024,.2.4...,320,LH,J
KRK,FRA,LH,1367,14:05,15:45,29-04-2024,29-04-2024,1......,CR9,CL,J
KRK,FRA,LH,1367,14:05,15:45,30-04-2024,10-05-2024,.2..5..,32A,LH,J
KRK,FRA,LH,1367,14:05,15:45,01-05-2024,01-05-2024,..3....,32A,LH,J
KRK,FRA,LH,1367,14:05,15:45,04-05-2024,11-05-2024,.....67,32A,LH,J
KRK,FRA,LH,1367,14:05,15:45,06-05-2024,06-05-2024,1......,320,LH,J
KRK,FRA,LH,1367,14:05,15:45,08-05-2024,08-05-2024,..3....,32N,LH,J
KRK,FRA,LH,1367,14:05,15:45,12-05-2024,12-05-2024,......7,320,LH,J
KRK,FRA,LH,1367,14:05,15:45,13-05-2024,15-05-2024,123....,32A,LH,J
KRK,FRA,LH,1367,14:05,15:45,17-05-2024,17-05-2024,....5..,319,LH,J
KRK,FRA,LH,1367,14:05,15:45,18-05-2024,08-06-2024,1....67,32A,LH,J
KRK,FRA,LH,1367,14:05,15:45,21-05-2024,06-06-2024,.2345..,32A,LH,J
KRK,FRA,LH,1367,14:05,15:45,07-06-2024,14-06-2024,....5..,319,LH,J
KRK,FRA,LH,1367,14:05,15:45,09-06-2024,16-06-2024,......7,319,LH,J
KRK,FRA,LH,1367,14:05,15:45,10-06-2024,20-06-2024,1.34...,32A,LH,J
KRK,FRA,LH,1367,14:05,15:45,11-06-2024,22-06-2024,.2...6.,32A,LH,J
KRK,FRA,LH,1367,14:05,15:45,21-06-2024,27-06-2024,..345..,32A,LH,J
KRK,FRA,LH,1367,14:05,15:45,23-06-2024,02-07-2024,.2...67,32A,LH,J
KRK,FRA,LH,1367,14:05,15:45,24-06-2024,24-06-2024,1......,319,LH,J
KRK,FRA,LH,1367,14:05,15:45,28-06-2024,28-06-2024,....5..,319,LH,J
KRK,FRA,LH,1367,14:05,15:45,01-07-2024,04-07-2024,1.34...,32A,LH,J
KRK,FRA,LH,1367,14:05,15:45,05-07-2024,12-07-2024,1...5..,319,LH,J
KRK,FRA,LH,1367,14:05,15:45,06-07-2024,13-07-2024,.....6.,319,LH,J
KRK,FRA,LH,1367,14:05,15:45,07-07-2024,07-07-2024,......7,320,LH,J
KRK,FRA,LH,1367,14:05,15:45,09-07-2024,18-07-2024,12.4...,32A,LH,J
KRK,FRA,LH,1367,14:05,15:45,10-07-2024,17-07-2024,..3....,32A,LH,J
KRK,FRA,LH,1367,14:05,15:45,14-07-2024,28-07-2024,......7,319,LH,J
KRK,FRA,LH,1367,14:05,15:45,19-07-2024,01-08-2024,.2.45..,32A,LH,J
KRK,FRA,LH,1367,14:05,15:45,20-07-2024,03-08-2024,..3..6.,32A,LH,J
KRK,FRA,LH,1367,14:05,15:45,22-07-2024,29-07-2024,1......,319,LH,J
KRK,FRA,LH,1367,14:05,15:45,02-08-2024,02-08-2024,....5..,319,LH,J
KRK,FRA,LH,1367,14:05,15:45,04-08-2024,10-08-2024,.....67,32A,LH,J
KRK,FRA,LH,1367,14:05,15:45,05-08-2024,23-08-2024,123.5..,32A,LH,J
KRK,FRA,LH,1367,14:05,15:45,08-08-2024,15-08-2024,...4..7,32A,LH,J
KRK,FRA,LH,1367,14:05,15:45,17-08-2024,01-09-2024,...4.67,32A,LH,J
KRK,FRA,LH,1367,14:05,15:45,26-08-2024,27-08-2024,12.....,319,LH,J
KRK,FRA,LH,1367,14:05,15:45,28-08-2024,04-09-2024,123.5..,32A,LH,J
KRK,FRA,LH,1367,14:05,15:45,05-09-2024,24-09-2024,12.4...,32A,LH,J
KRK,FRA,LH,1367,14:05,15:45,06-09-2024,14-09-2024,....567,32A,LH,J
KRK,FRA,LH,1367,14:05,15:45,11-09-2024,11-09-2024,..3....,320,LH,J
KRK,FRA,LH,1367,14:05,15:45,15-09-2024,15-09-2024,......7,320,LH,J
KRK,FRA,LH,1367,14:05,15:45,18-09-2024,18-09-2024,..3....,319,LH,J
KRK,FRA,LH,1367,14:05,15:45,20-09-2024,29-09-2024,....567,32A,LH,J
KRK,FRA,LH,1367,14:05,15:45,25-09-2024,02-10-2024,1234...,32A,LH,J
KRK,FRA,LH,1367,14:05,15:45,03-10-2024,24-10-2024,...4...,319,LH,J
KRK,FRA,LH,1367,14:05,15:45,04-10-2024,25-10-2024,123.5..,32A,LH,J
KRK,FRA,LH,1367,14:05,15:45,05-10-2024,26-10-2024,.....67,32A,LH,J
KRK,FRA,LH,1367,12:55,14:35,27-10-2024,27-11-2024,12345.7,320,LH,J
KRK,FRA,LH,1369,19:15,20:55,01-04-2024,08-04-2024,1.345..,32A,LH,J
KRK,FRA,LH,1369,19:15,20:55,02-04-2024,02-04-2024,.2.....,319,LH,J
KRK,FRA,LH,1369,19:05,20:45,06-04-2024,06-04-2024,.....6.,319,LH,J
KRK,FRA,LH,1369,19:15,20:55,07-04-2024,07-04-2024,......7,320,LH,J
KRK,FRA,LH,1369,19:15,20:55,09-04-2024,18-04-2024,1234..7,32A,LH,J
KRK,FRA,LH,1369,19:15,20:55,12-04-2024,12-04-2024,....5..,32A,LH,J
KRK,FRA,LH,1369,19:05,20:45,13-04-2024,13-04-2024,.....6.,319,LH,J
KRK,FRA,LH,1369,19:15,20:55,19-04-2024,22-04-2024,1...5..,319,LH,J
KRK,FRA,LH,1369,19:05,20:45,20-04-2024,20-04-2024,.....6.,32A,LH,J
KRK,FRA,LH,1369,19:15,20:55,21-04-2024,21-04-2024,......7,32A,LH,J
KRK,FRA,LH,1369,19:15,20:55,23-04-2024,02-05-2024,12345..,32A,LH,J
KRK,FRA,LH,1369,19:05,20:45,27-04-2024,27-04-2024,.....6.,CR9,CL,J
KRK,FRA,LH,1369,19:15,20:55,28-04-2024,28-04-2024,......7,320,LH,J
KRK,FRA,LH,1369,19:05,20:45,04-05-2024,18-05-2024,.....6.,32A,LH,J
KRK,FRA,LH,1369,19:15,20:55,05-05-2024,05-05-2024,......7,32A,LH,J
KRK,FRA,LH,1369,19:15,20:55,06-05-2024,09-05-2024,12.4...,32A,LH,J
KRK,FRA,LH,1369,19:15,20:55,08-05-2024,08-05-2024,..3....,32Q,LH,J
KRK,FRA,LH,1369,19:15,20:55,12-05-2024,13-05-2024,1.....7,32N,LH,J
KRK,FRA,LH,1369,19:15,20:55,14-05-2024,19-05-2024,.234..7,32A,LH,J
KRK,FRA,LH,1369,19:15,20:55,20-05-2024,20-05-2024,1......,319,LH,J
KRK,FRA,LH,1369,19:15,20:55,21-05-2024,21-05-2024,.2.....,321,LH,J
KRK,FRA,LH,1369,19:15,20:55,22-05-2024,28-05-2024,1234..7,32A,LH,J
KRK,FRA,LH,1369,19:15,20:55,24-05-2024,24-05-2024,....5..,32Q,LH,J
KRK,FRA,LH,1369,19:15,20:55,29-05-2024,29-05-2024,..3....,32Q,LH,J
KRK,FRA,LH,1369,19:15,20:55,30-05-2024,06-06-2024,.2345.7,32A,LH,J
KRK,FRA,LH,1369,19:15,20:55,03-06-2024,07-06-2024,1...5..,321,LH,J
KRK,FRA,LH,1369,19:15,20:55,10-06-2024,28-06-2024,12345..,32A,LH,J
KRK,FRA,LH,1369,19:05,20:45,15-06-2024,15-06-2024,.....6.,319,LH,J
KRK,FRA,LH,1369,19:05,20:45,22-06-2024,27-07-2024,.....6.,32A,LH,J
KRK,FRA,LH,1369,19:15,20:55,01-07-2024,03-07-2024,1.3....,321,LH,J
KRK,FRA,LH,1369,19:15,20:55,02-07-2024,11-07-2024,.2.45..,32A,LH,J
KRK,FRA,LH,1369,19:15,20:55,07-07-2024,07-07-2024,......7,320,LH,J
KRK,FRA,LH,1369,19:15,20:55,10-07-2024,10-07-2024,..3....,32Q,LH,J
KRK,FRA,LH,1369,19:15,20:55,12-07-2024,12-07-2024,....5..,32A,LH,J
KRK,FRA,LH,1369,19:15,20:55,14-07-2024,30-07-2024,.2345.7,32A,LH,J
KRK,FRA,LH,1369,19:15,20:55,31-07-2024,02-08-2024,..3.5..,32A,LH,J
KRK,FRA,LH,1369,19:15,20:55,01-08-2024,01-08-2024,...4...,321,LH,J
KRK,FRA,LH,1369,19:05,20:45,03-08-2024,03-08-2024,.....6.,319,LH,J
KRK,FRA,LH,1369,19:15,20:55,04-08-2024,15-08-2024,1.345.7,32A,LH,J
KRK,FRA,LH,1369,19:05,20:45,10-08-2024,19-10-2024,.....6.,32A,LH,J
KRK,FRA,LH,1369,19:15,20:55,16-08-2024,16-08-2024,....5..,32A,LH,J
KRK,FRA,LH,1369,19:15,20:55,18-08-2024,25-08-2024,......7,321,LH,J
KRK,FRA,LH,1369,19:15,20:55,19-08-2024,29-08-2024,1.34...,32A,LH,J
KRK,FRA,LH,1369,19:15,20:55,23-08-2024,23-08-2024,....5..,320,LH,J
KRK,FRA,LH,1369,19:15,20:55,30-08-2024,03-09-2024,12..5..,32A,LH,J
KRK,FRA,LH,1369,19:15,20:55,01-09-2024,01-09-2024,......7,32A,LH,J
KRK,FRA,LH,1369,19:15,20:55,05-09-2024,08-09-2024,...4..7,321,LH,J
KRK,FRA,LH,1369,19:15,20:55,06-09-2024,12-09-2024,.2.45..,320,LH,J
KRK,FRA,LH,1369,19:15,20:55,09-09-2024,16-09-2024,1...5..,32A,LH,J
KRK,FRA,LH,1369,19:15,20:55,15-09-2024,22-09-2024,......7,321,LH,J
KRK,FRA,LH,1369,19:15,20:55,17-09-2024,27-09-2024,12.45..,32A,LH,J
KRK,FRA,LH,1369,19:15,20:55,29-09-2024,08-10-2024,12..5.7,32A,LH,J
KRK,FRA,LH,1369,19:15,20:55,02-10-2024,02-10-2024,..3....,32N,LH,J
KRK,FRA,LH,1369,19:15,20:55,09-10-2024,15-10-2024,123.5..,32A,LH,J
KRK,FRA,LH,1369,19:15,20:55,13-10-2024,13-10-2024,......7,32A,LH,J
KRK,FRA,LH,1369,19:15,20:55,16-10-2024,16-10-2024,..3....,320,LH,J
KRK,FRA,LH,1369,19:15,20:55,18-10-2024,23-10-2024,123.5.7,32A,LH,J
KRK,FRA,LH,1369,19:15,20:55,25-10-2024,25-10-2024,....5..,321,LH,J
KRK,FRA,LH,1369,19:05,20:45,26-10-2024,26-10-2024,.....6.,32A,LH,J
KRK,FRA,LH,1369,18:15,19:55,27-10-2024,27-11-2024,1234567,320,LH,J
KRK,FRA,LH,1371,06:00,07:40,01-04-2024,12-04-2024,12345.7,320,LH,J
KRK,FRA,LH,1371,06:00,07:40,06-04-2024,06-04-2024,.....6.,321,LH,J
KRK,FRA,LH,1371,06:00,07:40,13-04-2024,20-04-2024,1234567,320,LH,J
KRK,FRA,LH,1371,06:00,07:40,21-04-2024,21-04-2024,......7,32Q,LH,J
KRK,FRA,LH,1371,06:00,07:40,22-04-2024,28-04-2024,12345.7,320,LH,J
KRK,FRA,LH,1371,06:00,07:40,27-04-2024,02-05-2024,.2.4.6.,321,LH,J
KRK,FRA,LH,1371,06:00,07:40,01-05-2024,08-05-2024,.23.5.7,320,LH,J
KRK,FRA,LH,1371,06:00,07:40,04-05-2024,04-05-2024,.....6.,32Q,LH,J
KRK,FRA,LH,1371,06:00,07:40,09-05-2024,11-05-2024,...456.,321,LH,J
KRK,FRA,LH,1371,06:00,07:40,12-05-2024,19-05-2024,.234..7,320,LH,J
KRK,FRA,LH,1371,06:00,07:40,17-05-2024,20-05-2024,1...5..,321,LH,J
KRK,FRA,LH,1371,06:00,07:40,18-05-2024,24-05-2024,....56.,32Q,LH,J
KRK,FRA,LH,1371,06:00,07:40,22-05-2024,22-05-2024,..3....,319,LH,J
KRK,FRA,LH,1371,06:00,07:40,23-05-2024,29-05-2024,1.34.67,320,LH,J
KRK,FRA,LH,1371,06:00,07:40,30-05-2024,03-06-2024,1..4...,321,LH,J
KRK,FRA,LH,1371,06:00,07:40,31-05-2024,07-06-2024,..345..,320,LH,J
KRK,FRA,LH,1371,06:00,07:40,01-06-2024,02-06-2024,.....67,32A,LH,J
KRK,FRA,LH,1371,06:00,07:40,08-06-2024,10-06-2024,1....6.,321,LH,J
KRK,FRA,LH,1371,06:00,07:40,09-06-2024,25-06-2024,.2.45.7,320,LH,J
KRK,FRA,LH,1371,06:00,07:40,15-06-2024,15-06-2024,.....6.,32A,LH,J
KRK,FRA,LH,1371,06:00,07:40,17-06-2024,24-06-2024,1......,321,LH,J
KRK,FRA,LH,1371,06:00,07:40,22-06-2024,29-06-2024,...4.6.,32A,LH,J
KRK,FRA,LH,1371,06:00,07:40,28-06-2024,28-06-2024,....5..,320,LH,J
KRK,FRA,LH,1371,06:00,07:40,30-06-2024,30-06-2024,......7,321,LH,J
KRK,FRA,LH,1371,06:00,07:40,01-07-2024,04-07-2024,1..4...,32A,LH,J
KRK,FRA,LH,1371,06:00,07:40,02-07-2024,06-07-2024,.2..56.,32N,LH,J
KRK,FRA,LH,1371,06:00,07:40,07-07-2024,14-07-2024,1...567,320,LH,J
KRK,FRA,LH,1371,06:00,07:40,09-07-2024,15-07-2024,123....,32A,LH,J
KRK,FRA,LH,1371,06:00,07:40,16-07-2024,17-07-2024,.23....,321,LH,J
KRK,FRA,LH,1371,06:00,07:40,19-07-2024,29-07-2024,1...567,320,LH,J
KRK,FRA,LH,1371,06:00,07:40,23-07-2024,30-07-2024,.2.....,32A,LH,J
KRK,FRA,LH,1371,06:00,07:40,24-07-2024,24-07-2024,..3....,321,LH,J
KRK,FRA,LH,1371,06:00,07:40,31-07-2024,31-07-2024,..3....,32A,LH,J
KRK,FRA,LH,1371,06:00,07:40,02-08-2024,02-08-2024,....5..,321,LH,J
KRK,FRA,LH,1371,06:00,07:40,03-08-2024,13-08-2024,.234.67,320,LH,J
KRK,FRA,LH,1371,06:00,07:40,05-08-2024,05-08-2024,1......,32N,LH,J
KRK,FRA,LH,1371,06:00,07:40,12-08-2024,19-08-2024,1.3....,321,LH,J
KRK,FRA,LH,1371,06:00,07:40,15-08-2024,22-08-2024,.2.4.67,320,LH,J
KRK,FRA,LH,1371,06:00,07:40,21-08-2024,21-08-2024,..3....,32A,LH,J
KRK,FRA,LH,1371,06:00,07:40,24-08-2024,28-08-2024,1.3..6.,321,LH,J
KRK,FRA,LH,1371,06:00,07:40,25-08-2024,03-09-2024,.2.4.67,320,LH,J
KRK,FRA,LH,1371,06:00,07:40,02-09-2024,06-09-2024,1...5..,32A,LH,J
KRK,FRA,LH,1371,06:00,07:40,04-09-2024,11-09-2024,..3...7,320,LH,J
KRK,FRA,LH,1371,06:00,07:40,05-09-2024,12-09-2024,1..4...,321,LH,J
KRK,FRA,LH,1371,06:00,07:40,10-09-2024,22-09-2024,.2....7,32A,LH,J
KRK,FRA,LH,1371,06:00,07:40,13-09-2024,20-09-2024,1...5..,320,LH,J
KRK,FRA,LH,1371,06:00,07:40,18-09-2024,23-09-2024,1.34...,321,LH,J
KRK,FRA,LH,1371,06:00,07:40,24-09-2024,01-10-2024,123...7,320,LH,J
KRK,FRA,LH,1371,06:00,07:40,26-09-2024,27-09-2024,...45..,321,LH,J
KRK,FRA,LH,1371,06:00,07:40,02-10-2024,02-10-2024,..3....,32Q,LH,J
KRK,FRA,LH,1371,06:00,07:40,03-10-2024,10-10-2024,12.4...,320,LH,J
KRK,FRA,LH,1371,06:00,07:40,04-10-2024,11-10-2024,..3.56.,321,LH,J
KRK,FRA,LH,1371,06:00,07:40,12-10-2024,23-10-2024,123456.,320,LH,J
KRK,FRA,LH,1371,06:00,07:40,24-10-2024,25-10-2024,...45..,321,LH,J
KRK,FRA,LH,1371,06:00,07:40,26-10-2024,26-10-2024,.....6.,320,LH,J
KRK,FRA,LH,1371,06:20,08:00,27-10-2024,27-11-2024,1234567,32N,LH,J
KRK,FRA,LH,1385,12:45,14:25,28-04-2024,12-05-2024,......7,32A,LH,J
KRK,FRA,LH,1385,12:45,14:25,29-04-2024,29-04-2024,1......,32A,LH,J
KRK,FRA,LH,1385,12:45,14:25,30-04-2024,07-05-2024,.23....,32A,LH,J
KRK,FRA,LH,1385,12:45,14:25,02-05-2024,16-05-2024,...4...,32N,LH,J
KRK,FRA,LH,1385,12:45,14:25,03-05-2024,03-05-2024,....5..,32N,LH,J
KRK,FRA,LH,1385,12:45,14:25,06-05-2024,06-05-2024,1......,32A,LH,J
KRK,FRA,LH,1385,12:45,14:25,08-05-2024,10-05-2024,..3.5..,320,LH,J
KRK,FRA,LH,1385,12:45,14:25,13-05-2024,13-05-2024,1......,32N,LH,J
KRK,FRA,LH,1385,12:45,14:25,14-05-2024,14-05-2024,.2.....,32A,LH,J
KRK,FRA,LH,1385,12:45,14:25,15-05-2024,21-05-2024,.23....,32N,LH,J
KRK,FRA,LH,1385,12:45,14:25,17-05-2024,17-05-2024,....5..,320,LH,J
KRK,FRA,LH,1385,12:45,14:25,19-05-2024,19-05-2024,......7,321,LH,J
KRK,FRA,LH,1385,12:45,14:25,20-05-2024,30-05-2024,1..4...,320,LH,J
KRK,FRA,LH,1385,12:45,14:25,22-05-2024,29-05-2024,..3....,321,LH,J
KRK,FRA,LH,1385,12:45,14:25,24-05-2024,24-05-2024,....5..,319,LH,J
KRK,FRA,LH,1385,12:45,14:25,26-05-2024,26-05-2024,......7,CR9,CL,J
KRK,FRA,LH,1385,12:45,14:25,28-05-2024,28-05-2024,.2.....,320,LH,J
KRK,FRA,LH,1385,12:45,14:25,31-05-2024,31-05-2024,....5..,320,LH,J
KRK,FRA,LH,1385,12:45,14:25,02-06-2024,05-06-2024,..3...7,32A,LH,J
KRK,FRA,LH,1385,12:45,14:25,03-06-2024,03-06-2024,1......,32N,LH,J
KRK,FRA,LH,1385,12:45,14:25,04-06-2024,04-06-2024,.2.....,32N,LH,J
KRK,FRA,LH,1385,12:45,14:25,06-06-2024,11-06-2024,.2.4...,320,LH,J
KRK,FRA,LH,1385,12:45,14:25,07-06-2024,07-06-2024,....5..,32A,LH,J
KRK,FRA,LH,1385,12:45,14:25,09-06-2024,16-06-2024,......7,321,LH,J
KRK,FRA,LH,1385,12:45,14:25,10-06-2024,14-06-2024,1.3.5..,320,LH,J
KRK,FRA,LH,1385,12:45,14:25,13-06-2024,13-06-2024,...4...,32A,LH,J
KRK,FRA,LH,1385,12:45,14:25,17-06-2024,21-06-2024,1...5..,32A,LH,J
KRK,FRA,LH,1385,12:45,14:25,18-06-2024,18-06-2024,.2.....,320,LH,J
KRK,FRA,LH,1385,12:45,14:25,19-06-2024,19-06-2024,..3....,CR9,CL,J
KRK,FRA,LH,1385,12:45,14:25,20-06-2024,27-06-2024,.2.4...,321,LH,J
KRK,FRA,LH,1385,12:45,14:25,23-06-2024,23-06-2024,......7,320,LH,J
KRK,FRA,LH,1385,12:45,14:25,24-06-2024,24-06-2024,1......,320,LH,J
KRK,FRA,LH,1385,12:45,14:25,26-06-2024,26-06-2024,..3....,32N,LH,J
KRK,FRA,LH,1385,12:45,14:25,28-06-2024,28-06-2024,....5..,32A,LH,J
KRK,FRA,LH,1385,12:45,14:25,30-06-2024,30-06-2024,......7,32Q,LH,J
KRK,FRA,LH,1385,12:45,14:25,01-07-2024,03-07-2024,1.3....,CR9,CL,J
KRK,FRA,LH,1385,12:45,14:25,02-07-2024,04-07-2024,.2.4...,CR9,CL,J
KRK,FRA,LH,1385,12:45,14:25,05-07-2024,05-07-2024,....5..,32N,LH,J
KRK,FRA,LH,1385,12:45,14:25,07-07-2024,07-07-2024,......7,32A,LH,J
KRK,FRA,LH,1385,12:45,14:25,08-07-2024,31-07-2024,1.3....,320,LH,J
KRK,FRA,LH,1385,12:45,14:25,09-07-2024,18-07-2024,.2.4...,320,LH,J
KRK,FRA,LH,1385,12:45,14:25,12-07-2024,12-07-2024,....5..,321,LH,J
KRK,FRA,LH,1385,12:45,14:25,14-07-2024,14-07-2024,......7,319,LH,J
KRK,FRA,LH,1385,12:45,14:25,19-07-2024,26-07-2024,....5..,32N,LH,J
KRK,FRA,LH,1385,12:45,14:25,21-07-2024,21-07-2024,......7,32A,LH,J
KRK,FRA,LH,1385,12:45,14:25,23-07-2024,20-08-2024,.2.....,32N,LH,J
KRK,FRA,LH,1385,12:45,14:25,25-07-2024,15-08-2024,...4...,320,LH,J
KRK,FRA,LH,1385,12:45,14:25,28-07-2024,28-07-2024,......7,319,LH,J
KRK,FRA,LH,1385,12:45,14:25,02-08-2024,19-08-2024,1.3.5..,320,LH,J
KRK,FRA,LH,1385,12:45,14:25,04-08-2024,25-08-2024,......7,32A,LH,J
KRK,FRA,LH,1385,12:45,14:25,21-08-2024,21-08-2024,..3....,32N,LH,J
KRK,FRA,LH,1385,12:45,14:25,22-08-2024,27-08-2024,.2.4...,32N,LH,J
KRK,FRA,LH,1385,12:45,14:25,23-08-2024,28-08-2024,1.3.5..,320,LH,J
KRK,FRA,LH,1385,12:45,14:25,29-08-2024,12-09-2024,...4...,320,LH,J
KRK,FRA,LH,1385,12:45,14:25,30-08-2024,30-08-2024,....5..,32A,LH,J
KRK,FRA,LH,1385,12:45,14:25,01-09-2024,22-09-2024,......7,321,LH,J
KRK,FRA,LH,1385,12:45,14:25,02-09-2024,02-09-2024,1......,32N,LH,J
KRK,FRA,LH,1385,12:45,14:25,03-09-2024,17-09-2024,.2.....,32N,LH,J
KRK,FRA,LH,1385,12:45,14:25,04-09-2024,09-09-2024,1.3.5..,320,LH,J
KRK,FRA,LH,1385,12:45,14:25,11-09-2024,11-09-2024,..3....,32N,LH,J
KRK,FRA,LH,1385,12:45,14:25,13-09-2024,13-09-2024,....5..,32A,LH,J
KRK,FRA,LH,1385,12:45,14:25,16-09-2024,23-09-2024,1...5..,32A,LH,J
KRK,FRA,LH,1385,12:45,14:25,18-09-2024,18-09-2024,..3....,320,LH,J
KRK,FRA,LH,1385,12:45,14:25,19-09-2024,19-09-2024,...4...,321,LH,J
KRK,FRA,LH,1385,12:45,14:25,24-09-2024,24-09-2024,.2.....,32A,LH,J
KRK,FRA,LH,1385,12:45,14:25,25-09-2024,25-09-2024,..3....,32N,LH,J
KRK,FRA,LH,1385,12:45,14:25,26-09-2024,01-10-2024,.2.4...,320,LH,J
KRK,FRA,LH,1385,12:45,14:25,27-09-2024,27-09-2024,....5..,320,LH,J
KRK,FRA,LH,1385,12:45,14:25,29-09-2024,04-10-2024,....5.7,32A,LH,J
KRK,FRA,LH,1385,12:45,14:25,30-09-2024,30-09-2024,1......,CR9,CL,J
KRK,FRA,LH,1385,12:45,14:25,02-10-2024,02-10-2024,..3....,319,LH,J
KRK,FRA,LH,1385,12:45,14:25,03-10-2024,06-10-2024,...4..7,321,LH,J
KRK,FRA,LH,1385,12:45,14:25,07-10-2024,07-10-2024,1......,321,LH,J
KRK,FRA,LH,1385,12:45,14:25,08-10-2024,15-10-2024,.234...,320,LH,J
KRK,FRA,LH,1385,12:45,14:25,11-10-2024,25-10-2024,....5..,320,LH,J
KRK,FRA,LH,1385,12:45,14:25,13-10-2024,20-10-2024,......7,32A,LH,J
KRK,FRA,LH,1385,12:45,14:25,14-10-2024,21-10-2024,1......,32A,LH,J
KRK,FRA,LH,1385,12:45,14:25,16-10-2024,16-10-2024,..3....,319,LH,J
KRK,FRA,LH,1385,12:45,14:25,17-10-2024,24-10-2024,..34...,320,LH,J
KRK,FRA,LH,1385,12:45,14:25,22-10-2024,22-10-2024,.2.....,32A,LH,J
FRA,KRK,LH,1364,08:55,10:30,01-04-2024,02-04-2024,12.....,32A,LH,J
FRA,KRK,LH,1364,08:55,10:30,03-04-2024,11-04-2024,1.345.7,32A,LH,J
FRA,KRK,LH,1364,08:55,10:30,06-04-2024,06-04-2024,.....6.,CR9,CL,J
FRA,KRK,LH,1364,08:55,10:30,09-04-2024,23-04-2024,.2.....,32A,LH,J
FRA,KRK,LH,1364,08:55,10:30,12-04-2024,12-04-2024,....5..,319,LH,J
FRA,KRK,LH,1364,08:55,10:30,13-04-2024,27-04-2024,.....6.,319,LH,J
FRA,KRK,LH,1364,08:55,10:30,14-04-2024,19-04-2024,1.345.7,32A,LH,J
FRA,KRK,LH,1364,08:55,10:30,21-04-2024,26-04-2024,....5.7,319,LH,J
FRA,KRK,LH,1364,08:55,10:30,22-04-2024,24-04-2024,1.3....,32A,LH,J
FRA,KRK,LH,1364,08:55,10:30,25-04-2024,25-04-2024,...4...,32A,LH,J
FRA,KRK,LH,1364,08:55,10:30,28-04-2024,08-05-2024,1.34..7,32A,LH,J
FRA,KRK,LH,1364,08:55,10:30,03-05-2024,03-05-2024,....5..,320,LH,J
FRA,KRK,LH,1364,08:55,10:30,04-05-2024,03-08-2024,.....6.,32A,LH,J
FRA,KRK,LH,1364,08:55,10:30,09-05-2024,09-05-2024,...4...,32Q,LH,J
FRA,KRK,LH,1364,08:55,10:30,10-05-2024,20-05-2024,1.345.7,32A,LH,J
FRA,KRK,LH,1364,08:55,10:30,21-05-2024,11-06-2024,12.45.7,32A,LH,J
FRA,KRK,LH,1364,08:55,10:30,12-06-2024,10-07-2024,123.5.7,32A,LH,J
FRA,KRK,LH,1364,08:55,10:30,11-07-2024,12-08-2024,1234..7,32A,LH,J
FRA,KRK,LH,1364,08:55,10:30,09-08-2024,13-08-2024,.2..5..,320,LH,J
FRA,KRK,LH,1364,08:55,10:30,14-08-2024,29-08-2024,1234..7,32A,LH,J
FRA,KRK,LH,1364,08:55,10:30,16-08-2024,16-08-2024,....5..,321,LH,J
FRA,KRK,LH,1364,08:55,10:30,23-08-2024,23-08-2024,....5..,32A,LH,J
FRA,KRK,LH,1364,08:55,10:30,30-08-2024,30-08-2024,....5..,32Q,LH,J
FRA,KRK,LH,1364,08:55,10:30,02-09-2024,06-09-2024,12345..,32A,LH,J
FRA,KRK,LH,1364,08:55,10:30,07-09-2024,07-09-2024,.....6.,32A,LH,J
FRA,KRK,LH,1364,08:55,10:30,09-09-2024,09-09-2024,1......,321,LH,J
FRA,KRK,LH,1364,08:55,10:30,10-09-2024,20-09-2024,12345..,32A,LH,J
FRA,KRK,LH,1364,08:55,10:30,14-09-2024,14-09-2024,.....6.,321,LH,J
FRA,KRK,LH,1364,08:55,10:30,21-09-2024,26-10-2024,.....6.,32A,LH,J
FRA,KRK,LH,1364,08:55,10:30,23-09-2024,23-09-2024,1......,321,LH,J
FRA,KRK,LH,1364,08:55,10:30,24-09-2024,01-10-2024,.2345.7,32A,LH,J
FRA,KRK,LH,1364,08:55,10:30,02-10-2024,02-10-2024,..3....,32Q,LH,J
FRA,KRK,LH,1364,08:55,10:30,03-10-2024,10-10-2024,.2345.7,32A,LH,J
FRA,KRK,LH,1364,08:55,10:30,11-10-2024,11-10-2024,....5..,320,LH,J
FRA,KRK,LH,1364,08:55,10:30,13-10-2024,25-10-2024,.2345.7,32A,LH,J
FRA,KRK,LH,1364,08:10,09:45,27-10-2024,26-11-2024,.2....7,320,LH,J
FRA,KRK,LH,1364,08:10,09:45,28-10-2024,27-11-2024,1.3456.,32A,LH,J
FRA,KRK,LH,1366,11:50,13:25,01-04-2024,01-04-2024,1......,32A,LH,J
FRA,KRK,LH,1366,11:50,13:25,02-04-2024,16-04-2024,.2.....,32A,LH,J
FRA,KRK,LH,1366,11:50,13:25,03-04-2024,10-04-2024,1.3....,32A,LH,J
FRA,KRK,LH,1366,11:50,13:25,04-04-2024,04-04-2024,...4...,32A,LH,J
FRA,KRK,LH,1366,11:50,13:25,05-04-2024,05-04-2024,....5..,319,LH,J
FRA,KRK,LH,1366,11:50,13:25,07-04-2024,12-04-2024,....5.7,319,LH,J
FRA,KRK,LH,1366,11:50,13:25,11-04-2024,18-04-2024,...4..7,32A,LH,J
FRA,KRK,LH,1366,11:50,13:25,15-04-2024,15-04-2024,1......,319,LH,J
FRA,KRK,LH,1366,11:50,13:25,17-04-2024,17-04-2024,..3....,32N,LH,J
FRA,KRK,LH,1366,11:50,13:25,19-04-2024,26-04-2024,1.3.5.7,32A,LH,J
FRA,KRK,LH,1366,11:50,13:25,23-04-2024,23-04-2024,.2.....,320,LH,J
FRA,KRK,LH,1366,11:50,13:25,25-04-2024,25-04-2024,...4...,320,LH,J
FRA,KRK,LH,1366,11:50,13:25,28-04-2024,10-05-2024,.2..5.7,32A,LH,J
FRA,KRK,LH,1366,11:50,13:25,29-04-2024,29-04-2024,1......,CR9,CL,J
FRA,KRK,LH,1366,11:50,13:25,01-05-2024,01-05-2024,..3....,32A,LH,J
FRA,KRK,LH,1366,11:50,13:25,04-05-2024,29-06-2024,.....6.,32A,LH,J
FRA,KRK,LH,1366,11:50,13:25,06-05-2024,06-05-2024,1......,320,LH,J
FRA,KRK,LH,1366,11:50,13:25,08-05-2024,08-05-2024,..3....,32N,LH,J
FRA,KRK,LH,1366,11:50,13:25,12-05-2024,12-05-2024,......7,320,LH,J
FRA,KRK,LH,1366,11:50,13:25,13-05-2024,22-05-2024,123...7,32A,LH,J
FRA,KRK,LH,1366,11:50,13:25,17-05-2024,17-05-2024,....5..,319,LH,J
FRA,KRK,LH,1366,11:50,13:25,23-05-2024,06-06-2024,12345.7,32A,LH,J
FRA,KRK,LH,1366,11:50,13:25,07-06-2024,16-06-2024,....5.7,319,LH,J
FRA,KRK,LH,1366,11:50,13:25,10-06-2024,20-06-2024,1234...,32A,LH,J
FRA,KRK,LH,1366,11:50,13:25,21-06-2024,27-06-2024,.2345.7,32A,LH,J
FRA,KRK,LH,1366,11:50,13:25,24-06-2024,24-06-2024,1......,319,LH,J
FRA,KRK,LH,1366,11:50,13:25,28-06-2024,28-06-2024,....5..,319,LH,J
FRA,KRK,LH,1366,11:50,13:25,30-06-2024,04-07-2024,1234..7,32A,LH,J
FRA,KRK,LH,1366,11:50,13:25,05-07-2024,12-07-2024,1...5..,319,LH,J
FRA,KRK,LH,1366,11:50,13:25,06-07-2024,13-07-2024,.....6.,319,LH,J
FRA,KRK,LH,1366,11:50,13:25,07-07-2024,07-07-2024,......7,320,LH,J
FRA,KRK,LH,1366,11:50,13:25,09-07-2024,18-07-2024,1234...,32A,LH,J
FRA,KRK,LH,1366,11:50,13:25,14-07-2024,21-07-2024,......7,319,LH,J
FRA,KRK,LH,1366,11:50,13:25,19-07-2024,01-08-2024,.2345..,32A,LH,J
FRA,KRK,LH,1366,11:50,13:25,20-07-2024,03-08-2024,.....6.,32A,LH,J
FRA,KRK,LH,1366,11:50,13:25,22-07-2024,29-07-2024,1.....7,319,LH,J
FRA,KRK,LH,1366,11:50,13:25,02-08-2024,02-08-2024,....5..,319,LH,J
FRA,KRK,LH,1366,11:50,13:25,04-08-2024,04-08-2024,......7,32A,LH,J
FRA,KRK,LH,1366,11:50,13:25,05-08-2024,25-08-2024,12345.7,32A,LH,J
FRA,KRK,LH,1366,11:50,13:25,10-08-2024,10-08-2024,.....6.,32A,LH,J
FRA,KRK,LH,1366,11:50,13:25,17-08-2024,31-08-2024,.....6.,32A,LH,J
FRA,KRK,LH,1366,11:50,13:25,26-08-2024,27-08-2024,12.....,319,LH,J
FRA,KRK,LH,1366,11:50,13:25,28-08-2024,10-09-2024,12345.7,32A,LH,J
FRA,KRK,LH,1366,11:50,13:25,07-09-2024,26-10-2024,.....6.,32A,LH,J
FRA,KRK,LH,1366,11:50,13:25,11-09-2024,15-09-2024,..3...7,320,LH,J
FRA,KRK,LH,1366,11:50,13:25,12-09-2024,20-09-2024,12.45..,32A,LH,J
FRA,KRK,LH,1366,11:50,13:25,18-09-2024,18-09-2024,..3....,319,LH,J
FRA,KRK,LH,1366,11:50,13:25,22-09-2024,02-10-2024,12345.7,32A,LH,J
FRA,KRK,LH,1366,11:50,13:25,03-10-2024,24-10-2024,...4...,319,LH,J
FRA,KRK,LH,1366,11:50,13:25,04-10-2024,25-10-2024,123.5.7,32A,LH,J
FRA,KRK,LH,1366,10:35,12:10,27-10-2024,27-11-2024,12345.7,320,LH,J
FRA,KRK,LH,1368,16:55,18:30,01-04-2024,08-04-2024,1.345..,32A,LH,J
FRA,KRK,LH,1368,16:55,18:30,02-04-2024,02-04-2024,.2.....,319,LH,J
FRA,KRK,LH,1368,16:50,18:25,06-04-2024,13-04-2024,.....6.,319,LH,J
FRA,KRK,LH,1368,16:55,18:30,07-04-2024,07-04-2024,......7,320,LH,J
FRA,KRK,LH,1368,16:55,18:30,09-04-2024,18-04-2024,1234..7,32A,LH,J
FRA,KRK,LH,1368,16:55,18:30,12-04-2024,12-04-2024,....5..,32A,LH,J
FRA,KRK,LH,1368,16:55,18:30,19-04-2024,22-04-2024,1...5..,319,LH,J
FRA,KRK,LH,1368,16:50,18:25,20-04-2024,20-04-2024,.....6.,32A,LH,J
FRA,KRK,LH,1368,16:55,18:30,21-04-2024,21-04-2024,......7,32A,LH,J
FRA,KRK,LH,1368,16:55,18:30,23-04-2024,02-05-2024,12345..,32A,LH,J
FRA,KRK,LH,1368,16:50,18:25,27-04-2024,27-04-2024,.....6.,CR9,CL,J
FRA,KRK,LH,1368,16:55,18:30,28-04-2024,28-04-2024,......7,320,LH,J
FRA,KRK,LH,1368,16:50,18:25,04-05-2024,18-05-2024,.....6.,32A,LH,J
FRA,KRK,LH,1368,16:55,18:30,05-05-2024,05-05-2024,......7,32A,LH,J
FRA,KRK,LH,1368,16:55,18:30,06-05-2024,09-05-2024,12.4...,32A,LH,J
FRA,KRK,LH,1368,16:55,18:30,08-05-2024,08-05-2024,..3....,32Q,LH,J
FRA,KRK,LH,1368,16:55,18:30,12-05-2024,13-05-2024,1.....7,32N,LH,J
FRA,KRK,LH,1368,16:55,18:30,14-05-2024,19-05-2024,.234..7,32A,LH,J
FRA,KRK,LH,1368,16:55,18:30,20-05-2024,20-05-2024,1......,319,LH,J
FRA,KRK,LH,1368,16:55,18:30,21-05-2024,21-05-2024,.2.....,321,LH,J
FRA,KRK,LH,1368,16:55,18:30,22-05-2024,28-05-2024,1234..7,32A,LH,J
FRA,KRK,LH,1368,16:55,18:30,24-05-2024,24-05-2024,....5..,32Q,LH,J
FRA,KRK,LH,1368,16:55,18:30,29-05-2024,29-05-2024,..3....,32Q,LH,J
FRA,KRK,LH,1368,16:55,18:30,30-05-2024,06-06-2024,.2345.7,32A,LH,J
FRA,KRK,LH,1368,16:55,18:30,03-06-2024,07-06-2024,1...5..,321,LH,J
FRA,KRK,LH,1368,16:55,18:30,10-06-2024,28-06-2024,12345..,32A,LH,J
FRA,KRK,LH,1368,16:50,18:25,15-06-2024,15-06-2024,.....6.,319,LH,J
FRA,KRK,LH,1368,16:50,18:25,22-06-2024,27-07-2024,.....6.,32A,LH,J
FRA,KRK,LH,1368,16:55,18:30,01-07-2024,03-07-2024,1.3....,321,LH,J
FRA,KRK,LH,1368,16:55,18:30,02-07-2024,11-07-2024,.2.45..,32A,LH,J
FRA,KRK,LH,1368,16:55,18:30,07-07-2024,07-07-2024,......7,320,LH,J
FRA,KRK,LH,1368,16:55,18:30,10-07-2024,10-07-2024,..3....,32Q,LH,J
FRA,KRK,LH,1368,16:55,18:30,12-07-2024,12-07-2024,....5..,32A,LH,J
FRA,KRK,LH,1368,16:55,18:30,14-07-2024,30-07-2024,.2345.7,32A,LH,J
FRA,KRK,LH,1368,16:55,18:30,31-07-2024,02-08-2024,..3.5..,32A,LH,J
FRA,KRK,LH,1368,16:55,18:30,01-08-2024,01-08-2024,...4...,321,LH,J
FRA,KRK,LH,1368,16:50,18:25,03-08-2024,03-08-2024,.....6.,319,LH,J
FRA,KRK,LH,1368,16:55,18:30,04-08-2024,15-08-2024,1.345.7,32A,LH,J
FRA,KRK,LH,1368,16:50,18:25,10-08-2024,19-10-2024,.....6.,32A,LH,J
FRA,KRK,LH,1368,16:55,18:30,16-08-2024,16-08-2024,....5..,32A,LH,J
FRA,KRK,LH,1368,16:55,18:30,18-08-2024,25-08-2024,......7,321,LH,J
FRA,KRK,LH,1368,16:55,18:30,19-08-2024,29-08-2024,1.34...,32A,LH,J
FRA,KRK,LH,1368,16:55,18:30,23-08-2024,23-08-2024,....5..,320,LH,J
FRA,KRK,LH,1368,16:55,18:30,30-08-2024,03-09-2024,12..5..,32A,LH,J
FRA,KRK,LH,1368,16:55,18:30,01-09-2024,01-09-2024,......7,32A,LH,J
FRA,KRK,LH,1368,16:55,18:30,05-09-2024,08-09-2024,...4..7,321,LH,J
FRA,KRK,LH,1368,16:55,18:30,06-09-2024,12-09-2024,.2.45..,320,LH,J
FRA,KRK,LH,1368,16:55,18:30,09-09-2024,16-09-2024,1...5..,32A,LH,J
FRA,KRK,LH,1368,16:55,18:30,15-09-2024,22-09-2024,......7,321,LH,J
FRA,KRK,LH,1368,16:55,18:30,17-09-2024,27-09-2024,12.45..,32A,LH,J
FRA,KRK,LH,1368,16:55,18:30,29-09-2024,08-10-2024,12..5.7,32A,LH,J
FRA,KRK,LH,1368,16:55,18:30,02-10-2024,02-10-2024,..3....,32N,LH,J
FRA,KRK,LH,1368,16:55,18:30,09-10-2024,15-10-2024,123.5..,32A,LH,J
FRA,KRK,LH,1368,16:55,18:30,13-10-2024,13-10-2024,......7,32A,LH,J
FRA,KRK,LH,1368,16:55,18:30,16-10-2024,16-10-2024,..3....,320,LH,J
FRA,KRK,LH,1368,16:55,18:30,18-10-2024,23-10-2024,123.5.7,32A,LH,J
FRA,KRK,LH,1368,16:55,18:30,25-10-2024,25-10-2024,....5..,321,LH,J
FRA,KRK,LH,1368,16:50,18:25,26-10-2024,26-10-2024,.....6.,32A,LH,J
FRA,KRK,LH,1368,15:55,17:30,27-10-2024,27-11-2024,1234567,320,LH,J
FRA,KRK,LH,1370,22:15,23:50,01-04-2024,10-04-2024,1.3...7,320,LH,J
FRA,KRK,LH,1370,22:15,23:50,02-04-2024,18-04-2024,.2.4.6.,320,LH,J
FRA,KRK,LH,1370,22:15,23:50,05-04-2024,05-04-2024,....5..,321,LH,J
FRA,KRK,LH,1370,22:15,23:50,12-04-2024,24-04-2024,1.3.5.7,320,LH,J
FRA,KRK,LH,1370,22:15,23:50,20-04-2024,20-04-2024,.....6.,32Q,LH,J
FRA,KRK,LH,1370,22:15,23:50,23-04-2024,27-04-2024,.2.4.6.,320,LH,J
FRA,KRK,LH,1370,22:15,23:50,26-04-2024,01-05-2024,1.3.5..,321,LH,J
FRA,KRK,LH,1370,22:15,23:50,30-04-2024,30-04-2024,.2.....,320,LH,J
FRA,KRK,LH,1370,22:15,23:50,02-05-2024,07-05-2024,.2.4.6.,320,LH,J
FRA,KRK,LH,1370,22:15,23:50,03-05-2024,03-05-2024,....5..,32Q,LH,J
FRA,KRK,LH,1370,22:15,23:50,06-05-2024,13-05-2024,1......,320,LH,J
FRA,KRK,LH,1370,22:15,23:50,08-05-2024,10-05-2024,..3.5..,321,LH,J
FRA,KRK,LH,1370,22:15,23:50,09-05-2024,16-05-2024,...4...,321,LH,J
FRA,KRK,LH,1370,22:15,23:50,11-05-2024,18-05-2024,.2...6.,320,LH,J
FRA,KRK,LH,1370,22:15,23:50,15-05-2024,22-05-2024,..3....,320,LH,J
FRA,KRK,LH,1370,22:15,23:50,17-05-2024,17-05-2024,....5..,32Q,LH,J
FRA,KRK,LH,1370,22:15,23:50,19-05-2024,19-05-2024,......7,321,LH,J
FRA,KRK,LH,1370,22:15,23:50,21-05-2024,21-05-2024,.2.....,319,LH,J
FRA,KRK,LH,1370,22:15,23:50,23-05-2024,23-05-2024,...4...,32Q,LH,J
FRA,KRK,LH,1370,22:15,23:50,24-05-2024,26-05-2024,....5.7,320,LH,J
FRA,KRK,LH,1370,22:15,23:50,25-05-2024,30-05-2024,.2.4.6.,320,LH,J
FRA,KRK,LH,1370,22:15,23:50,29-05-2024,02-06-2024,..3...7,321,LH,J
FRA,KRK,LH,1370,22:15,23:50,31-05-2024,31-05-2024,....5..,32A,LH,J
FRA,KRK,LH,1370,22:15,23:50,01-06-2024,01-06-2024,.....6.,32A,LH,J
FRA,KRK,LH,1370,22:15,23:50,04-06-2024,08-06-2024,.2.4.6.,320,LH,J
FRA,KRK,LH,1370,22:15,23:50,05-06-2024,24-06-2024,1.3....,320,LH,J
FRA,KRK,LH,1370,22:15,23:50,07-06-2024,09-06-2024,....5.7,321,LH,J
FRA,KRK,LH,1370,22:15,23:50,13-06-2024,27-06-2024,...4.6.,320,LH,J
FRA,KRK,LH,1370,22:15,23:50,14-06-2024,14-06-2024,....5..,32A,LH,J
FRA,KRK,LH,1370,22:15,23:50,16-06-2024,23-06-2024,......7,321,LH,J
FRA,KRK,LH,1370,22:15,23:50,21-06-2024,28-06-2024,..3.5..,32A,LH,J
FRA,KRK,LH,1370,22:15,23:50,29-06-2024,29-06-2024,.....6.,321,LH,J
FRA,KRK,LH,1370,22:15,23:50,30-06-2024,03-07-2024,..3...7,32A,LH,J
FRA,KRK,LH,1370,22:15,23:50,01-07-2024,05-07-2024,1...5..,32N,LH,J
FRA,KRK,LH,1370,22:15,23:50,04-07-2024,04-07-2024,...4...,32N,LH,J
FRA,KRK,LH,1370,22:15,23:50,06-07-2024,27-07-2024,...4.6.,320,LH,J
FRA,KRK,LH,1370,22:15,23:50,07-07-2024,12-07-2024,....5.7,320,LH,J
FRA,KRK,LH,1370,22:15,23:50,08-07-2024,14-07-2024,1.....7,32A,LH,J
FRA,KRK,LH,1370,22:15,23:50,09-07-2024,09-07-2024,.2.....,32A,LH,J
FRA,KRK,LH,1370,22:15,23:50,15-07-2024,15-07-2024,1......,321,LH,J
FRA,KRK,LH,1370,22:15,23:50,16-07-2024,23-07-2024,.2.....,321,LH,J
FRA,KRK,LH,1370,22:15,23:50,19-07-2024,02-08-2024,....5.7,320,LH,J
FRA,KRK,LH,1370,22:15,23:50,22-07-2024,29-07-2024,1......,32A,LH,J
FRA,KRK,LH,1370,22:15,23:50,30-07-2024,30-07-2024,.2.....,32A,LH,J
FRA,KRK,LH,1370,22:15,23:50,01-08-2024,01-08-2024,...4...,321,LH,J
FRA,KRK,LH,1370,22:15,23:50,03-08-2024,10-08-2024,.2...6.,320,LH,J
FRA,KRK,LH,1370,22:15,23:50,04-08-2024,04-08-2024,......7,32N,LH,J
FRA,KRK,LH,1370,22:15,23:50,05-08-2024,21-08-2024,1.3.5..,320,LH,J
FRA,KRK,LH,1370,22:15,23:50,11-08-2024,18-08-2024,......7,321,LH,J
FRA,KRK,LH,1370,22:15,23:50,13-08-2024,13-08-2024,.2.....,321,LH,J
FRA,KRK,LH,1370,22:15,23:50,17-08-2024,31-08-2024,.....6.,320,LH,J
FRA,KRK,LH,1370,22:15,23:50,20-08-2024,20-08-2024,.2.....,32A,LH,J
FRA,KRK,LH,1370,22:15,23:50,23-08-2024,25-08-2024,....5.7,321,LH,J
FRA,KRK,LH,1370,22:15,23:50,26-08-2024,02-09-2024,1.3.5..,320,LH,J
FRA,KRK,LH,1370,22:15,23:50,27-08-2024,27-08-2024,.2.....,321,LH,J
FRA,KRK,LH,1370,22:15,23:50,01-09-2024,01-09-2024,......7,32A,LH,J
FRA,KRK,LH,1370,22:15,23:50,03-09-2024,10-09-2024,.2...6.,320,LH,J
FRA,KRK,LH,1370,22:15,23:50,04-09-2024,11-09-2024,..3...7,321,LH,J
FRA,KRK,LH,1370,22:15,23:50,05-09-2024,05-09-2024,...4...,32A,LH,J
FRA,KRK,LH,1370,22:15,23:50,09-09-2024,16-09-2024,1......,32A,LH,J
FRA,KRK,LH,1370,22:15,23:50,12-09-2024,19-09-2024,...4...,320,LH,J
FRA,KRK,LH,1370,22:15,23:50,14-09-2024,21-09-2024,.....6.,32A,LH,J
FRA,KRK,LH,1370,22:15,23:50,15-09-2024,15-09-2024,......7,320,LH,J
FRA,KRK,LH,1370,22:15,23:50,17-09-2024,17-09-2024,.2.....,321,LH,J
FRA,KRK,LH,1370,22:15,23:50,18-09-2024,25-09-2024,..3...7,321,LH,J
FRA,KRK,LH,1370,22:15,23:50,23-09-2024,30-09-2024,1.....7,320,LH,J
FRA,KRK,LH,1370,22:15,23:50,24-09-2024,28-09-2024,.2...6.,320,LH,J
FRA,KRK,LH,1370,22:15,23:50,26-09-2024,03-10-2024,...4...,321,LH,J
FRA,KRK,LH,1370,22:15,23:50,01-10-2024,01-10-2024,.2.....,32Q,LH,J
FRA,KRK,LH,1370,22:15,23:50,02-10-2024,09-10-2024,1.3...7,320,LH,J
FRA,KRK,LH,1370,22:15,23:50,04-10-2024,04-10-2024,....5..,321,LH,J
FRA,KRK,LH,1370,22:15,23:50,08-10-2024,10-10-2024,.2.4...,321,LH,J
FRA,KRK,LH,1370,22:15,23:50,11-10-2024,21-10-2024,1.3.5.7,320,LH,J
FRA,KRK,LH,1370,22:15,23:50,15-10-2024,22-10-2024,.2.4...,320,LH,J
FRA,KRK,LH,1370,22:15,23:50,23-10-2024,23-10-2024,..3....,321,LH,J
FRA,KRK,LH,1370,22:15,23:50,24-10-2024,24-10-2024,...4...,321,LH,J
FRA,KRK,LH,1370,22:15,23:50,25-10-2024,25-10-2024,....5..,320,LH,J
FRA,KRK,LH,1370,21:30,23:05,27-10-2024,31-10-2024,.2.4..7,32N,LH,J
FRA,KRK,LH,1370,21:30,23:05,28-10-2024,04-11-2024,1.3.567,32N,LH,J
FRA,KRK,LH,1370,21:30,23:05,05-11-2024,27-11-2024,1234567,32N,LH,J
FRA,KRK,LH,1384,10:25,12:00,28-04-2024,28-04-2024,......7,32A,LH,J
FRA,KRK,LH,1384,10:25,12:00,29-04-2024,29-04-2024,1......,32A,LH,J
FRA,KRK,LH,1384,10:25,12:00,30-04-2024,14-05-2024,.2.....,32A,LH,J
FRA,KRK,LH,1384,10:25,12:00,01-05-2024,06-05-2024,1.3....,32A,LH,J
FRA,KRK,LH,1384,10:25,12:00,02-05-2024,09-05-2024,...45..,32N,LH,J
FRA,KRK,LH,1384,10:25,12:00,05-05-2024,12-05-2024,......7,32A,LH,J
FRA,KRK,LH,1384,10:25,12:00,08-05-2024,10-05-2024,..3.5..,320,LH,J
FRA,KRK,LH,1384,10:25,12:00,13-05-2024,16-05-2024,1.34...,32N,LH,J
FRA,KRK,LH,1384,10:25,12:00,17-05-2024,23-05-2024,1..45..,320,LH,J
FRA,KRK,LH,1384,10:25,12:00,19-05-2024,19-05-2024,......7,321,LH,J
FRA,KRK,LH,1384,10:25,12:00,21-05-2024,21-05-2024,.2.....,32N,LH,J
FRA,KRK,LH,1384,10:25,12:00,22-05-2024,29-05-2024,..3....,321,LH,J
FRA,KRK,LH,1384,10:25,12:00,24-05-2024,24-05-2024,....5..,319,LH,J
FRA,KRK,LH,1384,10:25,12:00,26-05-2024,26-05-2024,......7,CR9,CL,J
FRA,KRK,LH,1384,10:25,12:00,27-05-2024,31-05-2024,12.45..,320,LH,J
FRA,KRK,LH,1384,10:25,12:00,02-06-2024,02-06-2024,......7,32A,LH,J
FRA,KRK,LH,1384,10:25,12:00,03-06-2024,04-06-2024,12.....,32N,LH,J
FRA,KRK,LH,1384,10:25,12:00,05-06-2024,05-06-2024,..3....,32A,LH,J
FRA,KRK,LH,1384,10:25,12:00,06-06-2024,12-06-2024,1234...,320,LH,J
FRA,KRK,LH,1384,10:25,12:00,07-06-2024,07-06-2024,....5..,32A,LH,J
FRA,KRK,LH,1384,10:25,12:00,09-06-2024,16-06-2024,......7,321,LH,J
FRA,KRK,LH,1384,10:25,12:00,13-06-2024,13-06-2024,...4...,32A,LH,J
FRA,KRK,LH,1384,10:25,12:00,14-06-2024,18-06-2024,.2..5..,320,LH,J
FRA,KRK,LH,1384,10:25,12:00,17-06-2024,21-06-2024,1...5..,32A,LH,J
FRA,KRK,LH,1384,10:25,12:00,19-06-2024,19-06-2024,..3....,CR9,CL,J
FRA,KRK,LH,1384,10:25,12:00,20-06-2024,27-06-2024,...4...,321,LH,J
FRA,KRK,LH,1384,10:25,12:00,23-06-2024,23-06-2024,......7,320,LH,J
FRA,KRK,LH,1384,10:25,12:00,24-06-2024,24-06-2024,1......,320,LH,J
FRA,KRK,LH,1384,10:25,12:00,25-06-2024,25-06-2024,.2.....,321,LH,J
FRA,KRK,LH,1384,10:25,12:00,26-06-2024,26-06-2024,..3....,32N,LH,J
FRA,KRK,LH,1384,10:25,12:00,28-06-2024,28-06-2024,....5..,32A,LH,J
FRA,KRK,LH,1384,10:25,12:00,30-06-2024,30-06-2024,......7,32Q,LH,J
FRA,KRK,LH,1384,10:25,12:00,01-07-2024,03-07-2024,123....,CR9,CL,J
FRA,KRK,LH,1384,10:25,12:00,04-07-2024,04-07-2024,...4...,CR9,CL,J
FRA,KRK,LH,1384,10:25,12:00,05-07-2024,05-07-2024,....5..,32N,LH,J
FRA,KRK,LH,1384,10:25,12:00,07-07-2024,07-07-2024,......7,32A,LH,J
FRA,KRK,LH,1384,10:25,12:00,08-07-2024,22-07-2024,1234...,320,LH,J
FRA,KRK,LH,1384,10:25,12:00,12-07-2024,12-07-2024,....5..,321,LH,J
FRA,KRK,LH,1384,10:25,12:00,14-07-2024,14-07-2024,......7,319,LH,J
FRA,KRK,LH,1384,10:25,12:00,19-07-2024,26-07-2024,....5..,32N,LH,J
FRA,KRK,LH,1384,10:25,12:00,21-07-2024,21-07-2024,......7,32A,LH,J
FRA,KRK,LH,1384,10:25,12:00,23-07-2024,20-08-2024,.2.....,32N,LH,J
FRA,KRK,LH,1384,10:25,12:00,24-07-2024,08-08-2024,1.34...,320,LH,J
FRA,KRK,LH,1384,10:25,12:00,28-07-2024,28-07-2024,......7,319,LH,J
FRA,KRK,LH,1384,10:25,12:00,02-08-2024,02-08-2024,....5..,320,LH,J
FRA,KRK,LH,1384,10:25,12:00,04-08-2024,25-08-2024,......7,32A,LH,J
FRA,KRK,LH,1384,10:25,12:00,09-08-2024,19-08-2024,1.345..,320,LH,J
FRA,KRK,LH,1384,10:25,12:00,21-08-2024,27-08-2024,.234...,32N,LH,J
FRA,KRK,LH,1384,10:25,12:00,23-08-2024,29-08-2024,1.345..,320,LH,J
FRA,KRK,LH,1384,10:25,12:00,30-08-2024,30-08-2024,....5..,32A,LH,J
FRA,KRK,LH,1384,10:25,12:00,01-09-2024,22-09-2024,......7,321,LH,J
FRA,KRK,LH,1384,10:25,12:00,02-09-2024,03-09-2024,12.....,32N,LH,J
FRA,KRK,LH,1384,10:25,12:00,04-09-2024,09-09-2024,1.345..,320,LH,J
FRA,KRK,LH,1384,10:25,12:00,10-09-2024,17-09-2024,.23....,32N,LH,J
FRA,KRK,LH,1384,10:25,12:00,12-09-2024,18-09-2024,..34...,320,LH,J
FRA,KRK,LH,1384,10:25,12:00,13-09-2024,13-09-2024,....5..,32A,LH,J
FRA,KRK,LH,1384,10:25,12:00,16-09-2024,23-09-2024,1...5..,32A,LH,J
FRA,KRK,LH,1384,10:25,12:00,19-09-2024,19-09-2024,...4...,321,LH,J
FRA,KRK,LH,1384,10:25,12:00,24-09-2024,24-09-2024,.2.....,32A,LH,J
FRA,KRK,LH,1384,10:25,12:00,25-09-2024,25-09-2024,..3....,32N,LH,J
FRA,KRK,LH,1384,10:25,12:00,26-09-2024,01-10-2024,.2.45..,320,LH,J
FRA,KRK,LH,1384,10:25,12:00,29-09-2024,04-10-2024,....5.7,32A,LH,J
FRA,KRK,LH,1384,10:25,12:00,30-09-2024,30-09-2024,1......,CR9,CL,J
FRA,KRK,LH,1384,10:25,12:00,02-10-2024,02-10-2024,..3....,319,LH,J
FRA,KRK,LH,1384,10:25,12:00,03-10-2024,06-10-2024,...4..7,321,LH,J
FRA,KRK,LH,1384,10:25,12:00,07-10-2024,07-10-2024,1......,321,LH,J
FRA,KRK,LH,1384,10:25,12:00,08-10-2024,15-10-2024,.2345..,320,LH,J
FRA,KRK,LH,1384,10:25,12:00,13-10-2024,20-10-2024,......7,32A,LH,J
FRA,KRK,LH,1384,10:25,12:00,14-10-2024,21-10-2024,1......,32A,LH,J
FRA,KRK,LH,1384,10:25,12:00,16-10-2024,16-10-2024,..3....,319,LH,J
FRA,KRK,LH,1384,10:25,12:00,17-10-2024,25-10-2024,..345..,320,LH,J
FRA,KRK,LH,1384,10:25,12:00,22-10-2024,22-10-2024,.2.....,32A,LH,J
KRK,MUC,LH,1621,09:30,10:50,29-04-2024,29-04-2024,1......,319,LH,J
KRK,MUC,LH,1621,09:30,10:50,30-04-2024,30-04-2024,.2.....,32A,LH,J
KRK,MUC,LH,1621,09:25,10:45,02-05-2024,16-05-2024,...4...,319,CL,J
KRK,MUC,LH,1621,09:30,10:50,03-05-2024,07-06-2024,....5..,32A,LH,J
KRK,MUC,LH,1621,09:30,10:50,04-05-2024,18-05-2024,.....6.,CR9,CL,J
KRK,MUC,LH,1621,09:30,10:50,06-05-2024,26-08-2024,1......,319,LH,J
KRK,MUC,LH,1621,09:30,10:50,07-05-2024,21-05-2024,.2.....,319,CL,J
KRK,MUC,LH,1621,09:30,10:50,22-05-2024,25-09-2024,.23....,319,CL,J
KRK,MUC,LH,1621,09:30,10:50,25-05-2024,08-06-2024,.....6.,CR9,CL,J
KRK,MUC,LH,1621,09:25,10:45,13-06-2024,24-10-2024,...4...,319,CL,J
KRK,MUC,LH,1621,09:30,10:50,15-06-2024,06-07-2024,.....6.,CR9,CL,J
KRK,MUC,LH,1621,09:30,10:50,12-07-2024,25-10-2024,....5..,32A,LH,J
KRK,MUC,LH,1621,09:30,10:50,20-07-2024,26-10-2024,.....6.,CR9,CL,J
KRK,MUC,LH,1621,09:30,10:50,30-09-2024,21-10-2024,1......,319,LH,J
KRK,MUC,LH,1621,09:30,10:50,02-10-2024,23-10-2024,..3....,319,CL,J
KRK,MUC,LH,1623,13:30,14:50,01-04-2024,06-04-2024,1....6.,32A,LH,J
KRK,MUC,LH,1623,13:30,14:50,02-04-2024,02-04-2024,.2.....,319,LH,J
KRK,MUC,LH,1623,13:30,14:50,03-04-2024,03-04-2024,..3....,319,LH,J
KRK,MUC,LH,1623,13:30,14:50,04-04-2024,04-04-2024,...4...,32N,LH,J
KRK,MUC,LH,1623,13:35,14:55,05-04-2024,05-04-2024,....5..,32A,LH,J
KRK,MUC,LH,1623,13:30,14:50,07-04-2024,07-04-2024,......7,32A,LH,J
KRK,MUC,LH,1623,13:30,14:50,08-04-2024,15-04-2024,1......,321,LH,J
KRK,MUC,LH,1623,13:30,14:50,09-04-2024,13-04-2024,.234.6.,32A,LH,J
KRK,MUC,LH,1623,13:35,14:55,12-04-2024,19-04-2024,....5..,319,LH,J
KRK,MUC,LH,1623,13:30,14:50,14-04-2024,14-04-2024,......7,321,LH,J
KRK,MUC,LH,1623,13:30,14:50,16-04-2024,23-04-2024,.2.4...,319,LH,J
KRK,MUC,LH,1623,13:30,14:50,17-04-2024,22-04-2024,1.3....,32A,LH,J
KRK,MUC,LH,1623,13:30,14:50,20-04-2024,24-04-2024,..3..6.,321,LH,J
KRK,MUC,LH,1623,13:30,14:50,21-04-2024,21-04-2024,......7,321,LH,J
KRK,MUC,LH,1623,13:30,14:50,25-04-2024,29-04-2024,1..4.6.,32A,LH,J
KRK,MUC,LH,1623,13:35,14:55,26-04-2024,26-04-2024,....5..,32A,LH,J
KRK,MUC,LH,1623,13:30,14:50,28-04-2024,05-05-2024,.....67,32A,LH,J
KRK,MUC,LH,1623,13:30,14:50,01-05-2024,15-05-2024,..3....,319,LH,J
KRK,MUC,LH,1623,13:30,14:50,02-05-2024,16-05-2024,...4...,319,LH,J
KRK,MUC,LH,1623,13:35,14:55,03-05-2024,05-07-2024,....5..,319,LH,J
KRK,MUC,LH,1623,13:30,14:50,06-05-2024,31-08-2024,1....67,32A,LH,J
KRK,MUC,LH,1623,13:30,14:50,21-05-2024,11-06-2024,.2.4...,319,LH,J
KRK,MUC,LH,1623,13:30,14:50,12-06-2024,23-10-2024,..3....,319,LH,J
KRK,MUC,LH,1623,13:30,14:50,18-06-2024,09-07-2024,.2.....,319,LH,J
KRK,MUC,LH,1623,13:30,14:50,11-07-2024,24-10-2024,.2.4...,319,LH,J
KRK,MUC,LH,1623,13:35,14:55,19-07-2024,25-10-2024,....5..,319,LH,J
KRK,MUC,LH,1623,13:30,14:50,02-09-2024,23-09-2024,1......,32A,LH,J
KRK,MUC,LH,1623,13:30,14:50,07-09-2024,28-09-2024,.....6.,32A,LH,J
KRK,MUC,LH,1623,13:30,14:50,29-09-2024,26-10-2024,.....67,32A,LH,J
KRK,MUC,LH,1623,13:25,14:45,27-10-2024,25-11-2024,1....67,319,LH,J
KRK,MUC,LH,1623,13:25,14:45,29-10-2024,27-11-2024,.23....,32A,LH,J
KRK,MUC,LH,1623,13:25,14:45,31-10-2024,21-11-2024,...4...,32N,LH,J
KRK,MUC,LH,1623,13:25,14:45,01-11-2024,22-11-2024,....5..,32A,LH,J
KRK,MUC,LH,1625,17:20,18:40,27-10-2024,24-11-2024,......7,319,CL,J
KRK,MUC,LH,1625,17:20,18:40,28-10-2024,25-11-2024,1......,319,LH,J
KRK,MUC,LH,1625,17:20,18:40,29-10-2024,26-11-2024,.2..5..,32A,LH,J
KRK,MUC,LH,1625,17:20,18:40,30-10-2024,27-11-2024,..3..6.,32A,LH,J
KRK,MUC,LH,1625,17:20,18:40,31-10-2024,21-11-2024,...4...,319,LH,J
KRK,MUC,LH,1627,06:00,07:20,01-04-2024,05-04-2024,1...5..,321,LH,J
KRK,MUC,LH,1627,06:00,07:20,02-04-2024,16-04-2024,.2.....,319,LH,J
KRK,MUC,LH,1627,06:00,07:20,03-04-2024,03-04-2024,..3....,319,LH,J
KRK,MUC,LH,1627,06:00,07:20,04-04-2024,04-04-2024,...4...,32A,LH,J
KRK,MUC,LH,1627,06:00,07:20,06-04-2024,20-04-2024,.....6.,321,LH,J
KRK,MUC,LH,1627,06:00,07:20,07-04-2024,07-04-2024,......7,32A,LH,J
KRK,MUC,LH,1627,06:00,07:20,08-04-2024,17-04-2024,1.3....,32A,LH,J
KRK,MUC,LH,1627,06:00,07:20,11-04-2024,11-04-2024,...4...,321,LH,J
KRK,MUC,LH,1627,06:00,07:20,12-04-2024,19-04-2024,....5..,321,LH,J
KRK,MUC,LH,1627,06:00,07:20,14-04-2024,14-04-2024,......7,321,LH,J
KRK,MUC,LH,1627,06:00,07:20,18-04-2024,18-04-2024,...4...,321,LH,J
KRK,MUC,LH,1627,06:00,07:20,21-04-2024,21-04-2024,......7,32N,LH,J
KRK,MUC,LH,1627,06:00,07:20,22-04-2024,27-04-2024,1...56.,321,LH,J
KRK,MUC,LH,1627,06:00,07:20,23-04-2024,25-04-2024,.2.4...,32A,LH,J
KRK,MUC,LH,1627,06:00,07:20,24-04-2024,24-04-2024,..3....,321,LH,J
KRK,MUC,LH,1627,06:00,07:20,28-04-2024,28-04-2024,......7,321,LH,J
KRK,MUC,LH,1627,06:00,07:20,29-04-2024,29-04-2024,1......,321,LH,J
KRK,MUC,LH,1627,06:00,07:20,30-04-2024,30-04-2024,.2.....,321,LH,J
KRK,MUC,LH,1627,06:00,07:20,01-05-2024,15-05-2024,..3....,32A,LH,J
KRK,MUC,LH,1627,06:00,07:20,02-05-2024,16-05-2024,...4...,32A,LH,J
KRK,MUC,LH,1627,06:00,07:20,03-05-2024,17-05-2024,1...5..,32A,LH,J
KRK,MUC,LH,1627,06:00,07:20,04-05-2024,06-07-2024,.....6.,321,LH,J
KRK,MUC,LH,1627,06:00,07:20,07-05-2024,04-06-2024,.2.....,319,LH,J
KRK,MUC,LH,1627,06:00,07:20,22-05-2024,07-06-2024,..3.5..,32A,LH,J
KRK,MUC,LH,1627,06:00,07:20,23-05-2024,09-06-2024,...4..7,32A,LH,J
KRK,MUC,LH,1627,06:00,07:20,10-06-2024,03-07-2024,1.3....,32A,LH,J
KRK,MUC,LH,1627,06:00,07:20,13-06-2024,27-06-2024,...4...,32A,LH,J
KRK,MUC,LH,1627,06:00,07:20,14-06-2024,05-07-2024,....5..,32A,LH,J
KRK,MUC,LH,1627,06:00,07:20,16-06-2024,30-06-2024,......7,32A,LH,J
KRK,MUC,LH,1627,06:00,07:20,04-07-2024,11-07-2024,1..4...,32A,LH,J
KRK,MUC,LH,1627,06:00,07:20,07-07-2024,01-09-2024,......7,32A,LH,J
KRK,MUC,LH,1627,06:00,07:20,09-07-2024,24-09-2024,.2.....,319,LH,J
KRK,MUC,LH,1627,06:00,07:20,12-07-2024,05-08-2024,1..45..,32A,LH,J
KRK,MUC,LH,1627,06:00,07:20,13-07-2024,13-07-2024,.....6.,321,LH,J
KRK,MUC,LH,1627,06:00,07:20,20-07-2024,28-09-2024,.....6.,321,LH,J
KRK,MUC,LH,1627,06:00,07:20,07-08-2024,30-08-2024,1.3.5..,32A,LH,J
KRK,MUC,LH,1627,06:00,07:20,02-09-2024,29-09-2024,1.....7,32A,LH,J
KRK,MUC,LH,1627,06:00,07:20,04-09-2024,26-09-2024,..34...,32A,LH,J
KRK,MUC,LH,1627,06:00,07:20,30-09-2024,25-10-2024,1.345..,32A,LH,J
KRK,MUC,LH,1627,06:00,07:20,01-10-2024,22-10-2024,.2.....,319,LH,J
KRK,MUC,LH,1627,06:00,07:20,06-10-2024,20-10-2024,......7,32A,LH,J
KRK,MUC,LH,1627,06:00,07:20,27-10-2024,04-11-2024,1.....7,32A,LH,J
KRK,MUC,LH,1627,06:00,07:20,29-10-2024,06-11-2024,.23....,319,LH,J
KRK,MUC,LH,1627,06:00,07:20,31-10-2024,31-10-2024,...4...,32A,LH,J
KRK,MUC,LH,1627,06:00,07:20,01-11-2024,09-11-2024,...456.,32A,LH,J
KRK,MUC,LH,1627,06:00,07:20,10-11-2024,24-11-2024,......7,32A,LH,J
KRK,MUC,LH,1627,06:00,07:20,11-11-2024,25-11-2024,1......,32A,LH,J
KRK,MUC,LH,1627,06:00,07:20,12-11-2024,19-11-2024,.2.....,319,LH,J
KRK,MUC,LH,1627,06:00,07:20,13-11-2024,20-11-2024,..3....,319,LH,J
KRK,MUC,LH,1627,06:00,07:20,14-11-2024,14-11-2024,...4...,32A,LH,J
KRK,MUC,LH,1627,06:00,07:20,15-11-2024,23-11-2024,...456.,32A,LH,J
KRK,MUC,LH,1627,06:00,07:20,26-11-2024,27-11-2024,.23....,319,LH,J
KRK,MUC,LH,7425,16:35,17:55,01-04-2024,26-10-2024,1234567,E95,EN,J
MUC,KRK,LH,1620,07:30,08:50,29-04-2024,26-08-2024,1......,319,LH,J
MUC,KRK,LH,1620,07:30,08:50,30-04-2024,30-04-2024,.2.....,32A,LH,J
MUC,KRK,LH,1620,07:25,08:45,02-05-2024,16-05-2024,...4...,319,CL,J
MUC,KRK,LH,1620,07:30,08:50,03-05-2024,07-06-2024,....5..,32A,LH,J
MUC,KRK,LH,1620,07:30,08:50,04-05-2024,06-07-2024,.....6.,CR9,CL,J
MUC,KRK,LH,1620,07:30,08:50,07-05-2024,25-06-2024,.2.....,319,CL,J
MUC,KRK,LH,1620,07:30,08:50,22-05-2024,26-06-2024,..3....,319,CL,J
MUC,KRK,LH,1620,07:25,08:45,13-06-2024,24-10-2024,...4...,319,CL,J
MUC,KRK,LH,1620,07:30,08:50,02-07-2024,25-09-2024,.23....,319,CL,J
MUC,KRK,LH,1620,07:30,08:50,12-07-2024,25-10-2024,....5..,32A,LH,J
MUC,KRK,LH,1620,07:30,08:50,20-07-2024,26-10-2024,.....6.,CR9,CL,J
MUC,KRK,LH,1620,07:30,08:50,30-09-2024,21-10-2024,1......,319,LH,J
MUC,KRK,LH,1620,07:30,08:50,02-10-2024,23-10-2024,..3....,319,CL,J
MUC,KRK,LH,1622,11:25,12:45,01-04-2024,06-04-2024,1...56.,32A,LH,J
MUC,KRK,LH,1622,11:25,12:45,02-04-2024,02-04-2024,.2.....,319,LH,J
MUC,KRK,LH,1622,11:25,12:45,03-04-2024,03-04-2024,..3....,319,LH,J
MUC,KRK,LH,1622,11:25,12:45,04-04-2024,04-04-2024,...4...,32N,LH,J
MUC,KRK,LH,1622,11:25,12:45,07-04-2024,11-04-2024,.2.4..7,32A,LH,J
MUC,KRK,LH,1622,11:25,12:45,08-04-2024,15-04-2024,1......,321,LH,J
MUC,KRK,LH,1622,11:25,12:45,10-04-2024,17-04-2024,..3..6.,32A,LH,J
MUC,KRK,LH,1622,11:25,12:45,12-04-2024,19-04-2024,....5..,319,LH,J
MUC,KRK,LH,1622,11:25,12:45,14-04-2024,14-04-2024,......7,321,LH,J
MUC,KRK,LH,1622,11:25,12:45,16-04-2024,23-04-2024,.2.4...,319,LH,J
MUC,KRK,LH,1622,11:25,12:45,20-04-2024,24-04-2024,..3..6.,321,LH,J
MUC,KRK,LH,1622,11:25,12:45,21-04-2024,21-04-2024,......7,321,LH,J
MUC,KRK,LH,1622,11:25,12:45,22-04-2024,27-04-2024,1...56.,32A,LH,J
MUC,KRK,LH,1622,11:25,12:45,25-04-2024,29-04-2024,1..4..7,32A,LH,J
MUC,KRK,LH,1622,11:25,12:45,01-05-2024,15-05-2024,..3....,319,LH,J
MUC,KRK,LH,1622,11:25,12:45,02-05-2024,17-05-2024,...45..,319,LH,J
MUC,KRK,LH,1622,11:25,12:45,04-05-2024,06-07-2024,1....67,32A,LH,J
MUC,KRK,LH,1622,11:25,12:45,21-05-2024,11-06-2024,.2.45..,319,LH,J
MUC,KRK,LH,1622,11:25,12:45,12-06-2024,17-07-2024,.23....,319,LH,J
MUC,KRK,LH,1622,11:25,12:45,14-06-2024,05-07-2024,....5..,319,LH,J
MUC,KRK,LH,1622,11:25,12:45,07-07-2024,14-07-2024,.....67,32A,LH,J
MUC,KRK,LH,1622,11:25,12:45,08-07-2024,15-07-2024,1......,32A,LH,J
MUC,KRK,LH,1622,11:25,12:45,11-07-2024,26-09-2024,...4...,319,LH,J
MUC,KRK,LH,1622,11:25,12:45,19-07-2024,27-09-2024,.23.5..,319,LH,J
MUC,KRK,LH,1622,11:25,12:45,20-07-2024,31-08-2024,1....6.,32A,LH,J
MUC,KRK,LH,1622,11:25,12:45,21-07-2024,25-08-2024,......7,32A,LH,J
MUC,KRK,LH,1622,11:25,12:45,02-09-2024,23-09-2024,1......,32A,LH,J
MUC,KRK,LH,1622,11:25,12:45,07-09-2024,26-10-2024,.....6.,32A,LH,J
MUC,KRK,LH,1622,11:25,12:45,29-09-2024,20-10-2024,......7,32A,LH,J
MUC,KRK,LH,1622,11:25,12:45,01-10-2024,24-10-2024,.2.4...,319,LH,J
MUC,KRK,LH,1622,11:25,12:45,02-10-2024,25-10-2024,..3.5..,319,LH,J
MUC,KRK,LH,1622,11:25,12:45,27-10-2024,25-11-2024,1....67,319,LH,J
MUC,KRK,LH,1622,11:25,12:45,29-10-2024,27-11-2024,.23....,32A,LH,J
MUC,KRK,LH,1622,11:25,12:45,31-10-2024,21-11-2024,...4...,32N,LH,J
MUC,KRK,LH,1622,11:25,12:45,01-11-2024,22-11-2024,....5..,32A,LH,J
MUC,KRK,LH,1624,15:20,16:40,27-10-2024,24-11-2024,......7,319,CL,J
MUC,KRK,LH,1624,15:20,16:40,28-10-2024,25-11-2024,1..4...,319,LH,J
MUC,KRK,LH,1624,15:20,16:40,29-10-2024,27-11-2024,.23.56.,32A,LH,J
MUC,KRK,LH,1626,22:00,23:20,01-04-2024,15-04-2024,1......,319,LH,J
MUC,KRK,LH,1626,22:00,23:20,02-04-2024,02-04-2024,.2.....,319,LH,J
MUC,KRK,LH,1626,22:00,23:20,03-04-2024,06-04-2024,..3..6.,32A,LH,J
MUC,KRK,LH,1626,22:00,23:20,04-04-2024,04-04-2024,...4...,321,LH,J
MUC,KRK,LH,1626,22:00,23:20,05-04-2024,19-04-2024,....5..,321,LH,J
MUC,KRK,LH,1626,22:00,23:20,07-04-2024,16-04-2024,.2....7,32A,LH,J
MUC,KRK,LH,1626,22:00,23:20,10-04-2024,13-04-2024,..3..6.,321,LH,J
MUC,KRK,LH,1626,22:00,23:20,11-04-2024,18-04-2024,...4...,321,LH,J
MUC,KRK,LH,1626,22:00,23:20,17-04-2024,17-04-2024,..3....,321,LH,J
MUC,KRK,LH,1626,22:00,23:20,20-04-2024,20-04-2024,.....6.,32N,LH,J
MUC,KRK,LH,1626,22:00,23:20,21-04-2024,26-04-2024,...45.7,321,LH,J
MUC,KRK,LH,1626,22:00,23:20,22-04-2024,24-04-2024,1.3....,32A,LH,J
MUC,KRK,LH,1626,22:00,23:20,23-04-2024,28-04-2024,.2....7,321,LH,J
MUC,KRK,LH,1626,22:00,23:20,27-04-2024,29-04-2024,1....6.,321,LH,J
MUC,KRK,LH,1626,22:00,23:20,30-04-2024,07-05-2024,.2....7,32A,LH,J
MUC,KRK,LH,1626,22:00,23:20,01-05-2024,22-05-2024,..3....,32A,LH,J
MUC,KRK,LH,1626,22:00,23:20,02-05-2024,02-05-2024,...4...,32A,LH,J
MUC,KRK,LH,1626,22:00,23:20,03-05-2024,27-09-2024,....5..,321,LH,J
MUC,KRK,LH,1626,22:00,23:20,06-05-2024,03-06-2024,1......,319,LH,J
MUC,KRK,LH,1626,22:00,23:20,09-05-2024,16-05-2024,.2.4..7,32A,LH,J
MUC,KRK,LH,1626,22:00,23:20,21-05-2024,06-06-2024,.2.4...,32A,LH,J
MUC,KRK,LH,1626,22:00,23:20,25-05-2024,03-08-2024,..3..6.,32A,LH,J
MUC,KRK,LH,1626,22:00,23:20,09-06-2024,07-07-2024,.2.4..7,32A,LH,J
MUC,KRK,LH,1626,22:00,23:20,08-07-2024,21-10-2024,1......,319,LH,J
MUC,KRK,LH,1626,22:00,23:20,11-07-2024,04-08-2024,...4..7,32A,LH,J
MUC,KRK,LH,1626,22:00,23:20,06-08-2024,03-09-2024,.2.4..7,32A,LH,J
MUC,KRK,LH,1626,22:00,23:20,10-08-2024,31-08-2024,.....6.,32A,LH,J
MUC,KRK,LH,1626,22:00,23:20,04-09-2024,26-10-2024,..3..6.,32A,LH,J
MUC,KRK,LH,1626,22:00,23:20,08-09-2024,01-10-2024,.2....7,32A,LH,J
MUC,KRK,LH,1626,22:00,23:20,03-10-2024,24-10-2024,.2.4..7,32A,LH,J
MUC,KRK,LH,1626,22:15,23:35,27-10-2024,24-11-2024,......7,32A,LH,J
MUC,KRK,LH,1626,22:15,23:35,28-10-2024,25-11-2024,1......,319,LH,J
MUC,KRK,LH,1626,22:15,23:35,29-10-2024,26-11-2024,.2.....,319,LH,J
MUC,KRK,LH,1626,22:15,23:35,30-10-2024,27-11-2024,..3....,32A,LH,J
MUC,KRK,LH,1626,22:15,23:35,31-10-2024,22-11-2024,...45..,32A,LH,J
MUC,KRK,LH,1626,22:15,23:35,02-11-2024,23-11-2024,.....6.,32A,LH,J
MUC,KRK,LH,7424,14:40,16:00,01-04-2024,26-10-2024,1234567,E95,EN,J
